#timestamp [ns],filename
1520527958463478167,1520527958463478167.jpg
1520527958513480167,1520527958513480167.jpg
1520527958563481167,1520527958563481167.jpg
1520527958613483167,1520527958613483167.jpg
1520527958663484167,1520527958663484167.jpg
1520527958713486167,1520527958713486167.jpg
1520527958763488167,1520527958763488167.jpg
1520527958813489167,1520527958813489167.jpg
1520527958863491167,1520527958863491167.jpg
1520527958913493167,1520527958913493167.jpg
1520527958963494167,1520527958963494167.jpg
1520527959013496167,1520527959013496167.jpg
1520527959063497167,1520527959063497167.jpg
1520527959113499167,1520527959113499167.jpg
1520527959163500167,1520527959163500167.jpg
1520527959213502167,1520527959213502167.jpg
1520527959263503167,1520527959263503167.jpg
1520527959313505167,1520527959313505167.jpg
1520527959363506167,1520527959363506167.jpg
1520527959413508167,1520527959413508167.jpg
1520527959463509167,1520527959463509167.jpg
1520527959513511167,1520527959513511167.jpg
1520527959563512167,1520527959563512167.jpg
1520527959613514167,1520527959613514167.jpg
1520527959663516167,1520527959663516167.jpg
1520527959713517167,1520527959713517167.jpg
1520527959763519167,1520527959763519167.jpg
1520527959813520167,1520527959813520167.jpg
1520527959863522167,1520527959863522167.jpg
1520527959913523167,1520527959913523167.jpg
1520527959963525167,1520527959963525167.jpg
1520527960013527167,1520527960013527167.jpg
1520527960063528167,1520527960063528167.jpg
1520527960113530167,1520527960113530167.jpg
1520527960163531167,1520527960163531167.jpg
1520527960213533167,1520527960213533167.jpg
1520527960263534167,1520527960263534167.jpg
1520527960313536167,1520527960313536167.jpg
1520527960363537167,1520527960363537167.jpg
1520527960413539167,1520527960413539167.jpg
1520527960463541167,1520527960463541167.jpg
1520527960513542167,1520527960513542167.jpg
1520527960563544167,1520527960563544167.jpg
1520527960613546167,1520527960613546167.jpg
1520527960663547167,1520527960663547167.jpg
1520527960713549167,1520527960713549167.jpg
1520527960763550167,1520527960763550167.jpg
1520527960813552167,1520527960813552167.jpg
1520527960863553167,1520527960863553167.jpg
1520527960913555167,1520527960913555167.jpg
1520527960963557167,1520527960963557167.jpg
1520527961013558167,1520527961013558167.jpg
1520527961063560167,1520527961063560167.jpg
1520527961113561167,1520527961113561167.jpg
1520527961163562167,1520527961163562167.jpg
1520527961213564167,1520527961213564167.jpg
1520527961263566167,1520527961263566167.jpg
1520527961313567167,1520527961313567167.jpg
1520527961363569167,1520527961363569167.jpg
1520527961413570167,1520527961413570167.jpg
1520527961463572167,1520527961463572167.jpg
1520527961513573167,1520527961513573167.jpg
1520527961563575167,1520527961563575167.jpg
1520527961613577167,1520527961613577167.jpg
1520527961663578167,1520527961663578167.jpg
1520527961713580167,1520527961713580167.jpg
1520527961763581167,1520527961763581167.jpg
1520527961813583167,1520527961813583167.jpg
1520527961863584167,1520527961863584167.jpg
1520527961913586167,1520527961913586167.jpg
1520527961963587167,1520527961963587167.jpg
1520527962013590167,1520527962013590167.jpg
1520527962063591167,1520527962063591167.jpg
1520527962113592167,1520527962113592167.jpg
1520527962163594167,1520527962163594167.jpg
1520527962213596167,1520527962213596167.jpg
1520527962263597167,1520527962263597167.jpg
1520527962313598167,1520527962313598167.jpg
1520527962363600167,1520527962363600167.jpg
1520527962413602167,1520527962413602167.jpg
1520527962463603167,1520527962463603167.jpg
1520527962513605167,1520527962513605167.jpg
1520527962563607167,1520527962563607167.jpg
1520527962613608167,1520527962613608167.jpg
1520527962663611167,1520527962663611167.jpg
1520527962713611167,1520527962713611167.jpg
1520527962763613167,1520527962763613167.jpg
1520527962813614167,1520527962813614167.jpg
1520527962863616167,1520527962863616167.jpg
1520527962913617167,1520527962913617167.jpg
1520527962963619167,1520527962963619167.jpg
1520527963013620167,1520527963013620167.jpg
1520527963063622167,1520527963063622167.jpg
1520527963113623167,1520527963113623167.jpg
1520527963163625167,1520527963163625167.jpg
1520527963213627167,1520527963213627167.jpg
1520527963263628167,1520527963263628167.jpg
1520527963313630167,1520527963313630167.jpg
1520527963363631167,1520527963363631167.jpg
1520527963413633167,1520527963413633167.jpg
1520527963463634167,1520527963463634167.jpg
1520527963513636167,1520527963513636167.jpg
1520527963563638167,1520527963563638167.jpg
1520527963613639167,1520527963613639167.jpg
1520527963663641167,1520527963663641167.jpg
1520527963713642167,1520527963713642167.jpg
1520527963763644167,1520527963763644167.jpg
1520527963813646167,1520527963813646167.jpg
1520527963863648167,1520527963863648167.jpg
1520527963913649167,1520527963913649167.jpg
1520527963963650167,1520527963963650167.jpg
1520527964013652167,1520527964013652167.jpg
1520527964063653167,1520527964063653167.jpg
1520527964113655167,1520527964113655167.jpg
1520527964163656167,1520527964163656167.jpg
1520527964213658167,1520527964213658167.jpg
1520527964263667167,1520527964263667167.jpg
1520527964313661167,1520527964313661167.jpg
1520527964363662167,1520527964363662167.jpg
1520527964413664167,1520527964413664167.jpg
1520527964463666167,1520527964463666167.jpg
1520527964513667167,1520527964513667167.jpg
1520527964563669167,1520527964563669167.jpg
1520527964613670167,1520527964613670167.jpg
1520527964663672167,1520527964663672167.jpg
1520527964713673167,1520527964713673167.jpg
1520527964763675167,1520527964763675167.jpg
1520527964813677167,1520527964813677167.jpg
1520527964863678167,1520527964863678167.jpg
1520527964913680167,1520527964913680167.jpg
1520527964963681167,1520527964963681167.jpg
1520527965013683167,1520527965013683167.jpg
1520527965063684167,1520527965063684167.jpg
1520527965113686167,1520527965113686167.jpg
1520527965163687167,1520527965163687167.jpg
1520527965213690167,1520527965213690167.jpg
1520527965263691167,1520527965263691167.jpg
1520527965313693167,1520527965313693167.jpg
1520527965363694167,1520527965363694167.jpg
1520527965413696167,1520527965413696167.jpg
1520527965463698167,1520527965463698167.jpg
1520527965513699167,1520527965513699167.jpg
1520527965563700167,1520527965563700167.jpg
1520527965613702167,1520527965613702167.jpg
1520527965663703167,1520527965663703167.jpg
1520527965713705167,1520527965713705167.jpg
1520527965763707167,1520527965763707167.jpg
1520527965813708167,1520527965813708167.jpg
1520527965863736167,1520527965863736167.jpg
1520527965913711167,1520527965913711167.jpg
1520527965963713167,1520527965963713167.jpg
1520527966013714167,1520527966013714167.jpg
1520527966063716167,1520527966063716167.jpg
1520527966113717167,1520527966113717167.jpg
1520527966163719167,1520527966163719167.jpg
1520527966213720167,1520527966213720167.jpg
1520527966263722167,1520527966263722167.jpg
1520527966313723167,1520527966313723167.jpg
1520527966363725167,1520527966363725167.jpg
1520527966413727167,1520527966413727167.jpg
1520527966463728167,1520527966463728167.jpg
1520527966513730167,1520527966513730167.jpg
1520527966563731167,1520527966563731167.jpg
1520527966613733167,1520527966613733167.jpg
1520527966663734167,1520527966663734167.jpg
1520527966713736167,1520527966713736167.jpg
1520527966763737167,1520527966763737167.jpg
1520527966813740167,1520527966813740167.jpg
1520527966863741167,1520527966863741167.jpg
1520527966913743167,1520527966913743167.jpg
1520527966963745167,1520527966963745167.jpg
1520527967013746167,1520527967013746167.jpg
1520527967063748167,1520527967063748167.jpg
1520527967113749167,1520527967113749167.jpg
1520527967163751167,1520527967163751167.jpg
1520527967213752167,1520527967213752167.jpg
1520527967263754167,1520527967263754167.jpg
1520527967313755167,1520527967313755167.jpg
1520527967363756167,1520527967363756167.jpg
1520527967413758167,1520527967413758167.jpg
1520527967463806167,1520527967463806167.jpg
1520527967513761167,1520527967513761167.jpg
1520527967563763167,1520527967563763167.jpg
1520527967613764167,1520527967613764167.jpg
1520527967663766167,1520527967663766167.jpg
1520527967713767167,1520527967713767167.jpg
1520527967763769167,1520527967763769167.jpg
1520527967813770167,1520527967813770167.jpg
1520527967863772167,1520527967863772167.jpg
1520527967913773167,1520527967913773167.jpg
1520527967963775167,1520527967963775167.jpg
1520527968013777167,1520527968013777167.jpg
1520527968063778167,1520527968063778167.jpg
1520527968113780167,1520527968113780167.jpg
1520527968163781167,1520527968163781167.jpg
1520527968213783167,1520527968213783167.jpg
1520527968263784167,1520527968263784167.jpg
1520527968313786167,1520527968313786167.jpg
1520527968363788167,1520527968363788167.jpg
1520527968413790167,1520527968413790167.jpg
1520527968463791167,1520527968463791167.jpg
1520527968513793167,1520527968513793167.jpg
1520527968563794167,1520527968563794167.jpg
1520527968613796167,1520527968613796167.jpg
1520527968663797167,1520527968663797167.jpg
1520527968713798167,1520527968713798167.jpg
1520527968763800167,1520527968763800167.jpg
1520527968813802167,1520527968813802167.jpg
1520527968863804167,1520527968863804167.jpg
1520527968913805167,1520527968913805167.jpg
1520527968963806167,1520527968963806167.jpg
1520527969013808167,1520527969013808167.jpg
1520527969063875167,1520527969063875167.jpg
1520527969113811167,1520527969113811167.jpg
1520527969163813167,1520527969163813167.jpg
1520527969213814167,1520527969213814167.jpg
1520527969263816167,1520527969263816167.jpg
1520527969313817167,1520527969313817167.jpg
1520527969363819167,1520527969363819167.jpg
1520527969413820167,1520527969413820167.jpg
1520527969463822167,1520527969463822167.jpg
1520527969513823167,1520527969513823167.jpg
1520527969563825167,1520527969563825167.jpg
1520527969613827167,1520527969613827167.jpg
1520527969663828167,1520527969663828167.jpg
1520527969713830167,1520527969713830167.jpg
1520527969763831167,1520527969763831167.jpg
1520527969813833167,1520527969813833167.jpg
1520527969863834167,1520527969863834167.jpg
1520527969913836167,1520527969913836167.jpg
1520527969963837167,1520527969963837167.jpg
1520527970013840167,1520527970013840167.jpg
1520527970063841167,1520527970063841167.jpg
1520527970113843167,1520527970113843167.jpg
1520527970163844167,1520527970163844167.jpg
1520527970213845167,1520527970213845167.jpg
1520527970263847167,1520527970263847167.jpg
1520527970313849167,1520527970313849167.jpg
1520527970363852167,1520527970363852167.jpg
1520527970413852167,1520527970413852167.jpg
1520527970463853167,1520527970463853167.jpg
1520527970513855167,1520527970513855167.jpg
1520527970563856167,1520527970563856167.jpg
1520527970613858167,1520527970613858167.jpg
1520527970663942167,1520527970663942167.jpg
1520527970713861167,1520527970713861167.jpg
1520527970763863167,1520527970763863167.jpg
1520527970813864167,1520527970813864167.jpg
1520527970863866167,1520527970863866167.jpg
1520527970913867167,1520527970913867167.jpg
1520527970963869167,1520527970963869167.jpg
1520527971013870167,1520527971013870167.jpg
1520527971063872167,1520527971063872167.jpg
1520527971113873167,1520527971113873167.jpg
1520527971163875167,1520527971163875167.jpg
1520527971213877167,1520527971213877167.jpg
1520527971263878167,1520527971263878167.jpg
1520527971313880167,1520527971313880167.jpg
1520527971363881167,1520527971363881167.jpg
1520527971413883167,1520527971413883167.jpg
1520527971463884167,1520527971463884167.jpg
1520527971513886167,1520527971513886167.jpg
1520527971563888167,1520527971563888167.jpg
1520527971613889167,1520527971613889167.jpg
1520527971663891167,1520527971663891167.jpg
1520527971713893167,1520527971713893167.jpg
1520527971763894167,1520527971763894167.jpg
1520527971813896167,1520527971813896167.jpg
1520527971863897167,1520527971863897167.jpg
1520527971913899167,1520527971913899167.jpg
1520527971963901167,1520527971963901167.jpg
1520527972013902167,1520527972013902167.jpg
1520527972063906167,1520527972063906167.jpg
1520527972113905167,1520527972113905167.jpg
1520527972163907167,1520527972163907167.jpg
1520527972213908167,1520527972213908167.jpg
1520527972264012167,1520527972264012167.jpg
1520527972313911167,1520527972313911167.jpg
1520527972363912167,1520527972363912167.jpg
1520527972413914167,1520527972413914167.jpg
1520527972463916167,1520527972463916167.jpg
1520527972513917167,1520527972513917167.jpg
1520527972563919167,1520527972563919167.jpg
1520527972613920167,1520527972613920167.jpg
1520527972663922167,1520527972663922167.jpg
1520527972713923167,1520527972713923167.jpg
1520527972763925167,1520527972763925167.jpg
1520527972813927167,1520527972813927167.jpg
1520527972863928167,1520527972863928167.jpg
1520527972913930167,1520527972913930167.jpg
1520527972963932167,1520527972963932167.jpg
1520527973013933167,1520527973013933167.jpg
1520527973063934167,1520527973063934167.jpg
1520527973113936167,1520527973113936167.jpg
1520527973163938167,1520527973163938167.jpg
1520527973213939167,1520527973213939167.jpg
1520527973263941167,1520527973263941167.jpg
1520527973313942167,1520527973313942167.jpg
1520527973363944167,1520527973363944167.jpg
1520527973413945167,1520527973413945167.jpg
1520527973463947167,1520527973463947167.jpg
1520527973513949167,1520527973513949167.jpg
1520527973563950167,1520527973563950167.jpg
1520527973613952167,1520527973613952167.jpg
1520527973663953167,1520527973663953167.jpg
1520527973713955167,1520527973713955167.jpg
1520527973763956167,1520527973763956167.jpg
1520527973813958167,1520527973813958167.jpg
1520527973863959167,1520527973863959167.jpg
1520527973913961167,1520527973913961167.jpg
1520527973963962167,1520527973963962167.jpg
1520527974013964167,1520527974013964167.jpg
1520527974063966167,1520527974063966167.jpg
1520527974113967167,1520527974113967167.jpg
1520527974163969167,1520527974163969167.jpg
1520527974213970167,1520527974213970167.jpg
1520527974263972167,1520527974263972167.jpg
1520527974313973167,1520527974313973167.jpg
1520527974363975167,1520527974363975167.jpg
1520527974413977167,1520527974413977167.jpg
1520527974463978167,1520527974463978167.jpg
1520527974513980167,1520527974513980167.jpg
1520527974563981167,1520527974563981167.jpg
1520527974613983167,1520527974613983167.jpg
1520527974663984167,1520527974663984167.jpg
1520527974713986167,1520527974713986167.jpg
1520527974763988167,1520527974763988167.jpg
1520527974813989167,1520527974813989167.jpg
1520527974863992167,1520527974863992167.jpg
1520527974913993167,1520527974913993167.jpg
1520527974963994167,1520527974963994167.jpg
1520527975013996167,1520527975013996167.jpg
1520527975063997167,1520527975063997167.jpg
1520527975113998167,1520527975113998167.jpg
1520527975164000167,1520527975164000167.jpg
1520527975214002167,1520527975214002167.jpg
1520527975264003167,1520527975264003167.jpg
1520527975314005167,1520527975314005167.jpg
1520527975364007167,1520527975364007167.jpg
1520527975414013167,1520527975414013167.jpg
1520527975464009167,1520527975464009167.jpg
1520527975514011167,1520527975514011167.jpg
1520527975564013167,1520527975564013167.jpg
1520527975614014167,1520527975614014167.jpg
1520527975664016167,1520527975664016167.jpg
1520527975714017167,1520527975714017167.jpg
1520527975764019167,1520527975764019167.jpg
1520527975814020167,1520527975814020167.jpg
1520527975864022167,1520527975864022167.jpg
1520527975914023167,1520527975914023167.jpg
1520527975964025167,1520527975964025167.jpg
1520527976014027167,1520527976014027167.jpg
1520527976064028167,1520527976064028167.jpg
1520527976114030167,1520527976114030167.jpg
1520527976164032167,1520527976164032167.jpg
1520527976214033167,1520527976214033167.jpg
1520527976264034167,1520527976264034167.jpg
1520527976314036167,1520527976314036167.jpg
1520527976364037167,1520527976364037167.jpg
1520527976414039167,1520527976414039167.jpg
1520527976464042167,1520527976464042167.jpg
1520527976514043167,1520527976514043167.jpg
1520527976564045167,1520527976564045167.jpg
1520527976614046167,1520527976614046167.jpg
1520527976664047167,1520527976664047167.jpg
1520527976714049167,1520527976714049167.jpg
1520527976764050167,1520527976764050167.jpg
1520527976814052167,1520527976814052167.jpg
1520527976864053167,1520527976864053167.jpg
1520527976914055167,1520527976914055167.jpg
1520527976964057167,1520527976964057167.jpg
1520527977014058167,1520527977014058167.jpg
1520527977064059167,1520527977064059167.jpg
1520527977114061167,1520527977114061167.jpg
1520527977164063167,1520527977164063167.jpg
1520527977214064167,1520527977214064167.jpg
1520527977264066167,1520527977264066167.jpg
1520527977314067167,1520527977314067167.jpg
1520527977364069167,1520527977364069167.jpg
1520527977414070167,1520527977414070167.jpg
1520527977464072167,1520527977464072167.jpg
1520527977514073167,1520527977514073167.jpg
1520527977564075167,1520527977564075167.jpg
1520527977614077167,1520527977614077167.jpg
1520527977664078167,1520527977664078167.jpg
1520527977714080167,1520527977714080167.jpg
1520527977764081167,1520527977764081167.jpg
1520527977814083167,1520527977814083167.jpg
1520527977864084167,1520527977864084167.jpg
1520527977914086167,1520527977914086167.jpg
1520527977964088167,1520527977964088167.jpg
1520527978014089167,1520527978014089167.jpg
1520527978064092167,1520527978064092167.jpg
1520527978114093167,1520527978114093167.jpg
1520527978164094167,1520527978164094167.jpg
1520527978214096167,1520527978214096167.jpg
1520527978264097167,1520527978264097167.jpg
1520527978314098167,1520527978314098167.jpg
1520527978364100167,1520527978364100167.jpg
1520527978414102167,1520527978414102167.jpg
1520527978464103167,1520527978464103167.jpg
1520527978514105167,1520527978514105167.jpg
1520527978564106167,1520527978564106167.jpg
1520527978614114167,1520527978614114167.jpg
1520527978664109167,1520527978664109167.jpg
1520527978714111167,1520527978714111167.jpg
1520527978764113167,1520527978764113167.jpg
1520527978814114167,1520527978814114167.jpg
1520527978864116167,1520527978864116167.jpg
1520527978914117167,1520527978914117167.jpg
1520527978964119167,1520527978964119167.jpg
1520527979014120167,1520527979014120167.jpg
1520527979064122167,1520527979064122167.jpg
1520527979114123167,1520527979114123167.jpg
1520527979164125167,1520527979164125167.jpg
1520527979214127167,1520527979214127167.jpg
1520527979264128167,1520527979264128167.jpg
1520527979314130167,1520527979314130167.jpg
1520527979364131167,1520527979364131167.jpg
1520527979414133167,1520527979414133167.jpg
1520527979464134167,1520527979464134167.jpg
1520527979514136167,1520527979514136167.jpg
1520527979564138167,1520527979564138167.jpg
1520527979614139167,1520527979614139167.jpg
1520527979664141167,1520527979664141167.jpg
1520527979714143167,1520527979714143167.jpg
1520527979764144167,1520527979764144167.jpg
1520527979814146167,1520527979814146167.jpg
1520527979864147167,1520527979864147167.jpg
1520527979914149167,1520527979914149167.jpg
1520527979964150167,1520527979964150167.jpg
1520527980014152167,1520527980014152167.jpg
1520527980064153167,1520527980064153167.jpg
1520527980114155167,1520527980114155167.jpg
1520527980164156167,1520527980164156167.jpg
1520527980214175167,1520527980214175167.jpg
1520527980264159167,1520527980264159167.jpg
1520527980314161167,1520527980314161167.jpg
1520527980364162167,1520527980364162167.jpg
1520527980414164167,1520527980414164167.jpg
1520527980464166167,1520527980464166167.jpg
1520527980514167167,1520527980514167167.jpg
1520527980564169167,1520527980564169167.jpg
1520527980614170167,1520527980614170167.jpg
1520527980664172167,1520527980664172167.jpg
1520527980714173167,1520527980714173167.jpg
1520527980764175167,1520527980764175167.jpg
1520527980814177167,1520527980814177167.jpg
1520527980864178167,1520527980864178167.jpg
1520527980914180167,1520527980914180167.jpg
1520527980964181167,1520527980964181167.jpg
1520527981014183167,1520527981014183167.jpg
1520527981064184167,1520527981064184167.jpg
1520527981114186167,1520527981114186167.jpg
1520527981164188167,1520527981164188167.jpg
1520527981214189167,1520527981214189167.jpg
1520527981264191167,1520527981264191167.jpg
1520527981314192167,1520527981314192167.jpg
1520527981364195167,1520527981364195167.jpg
1520527981414196167,1520527981414196167.jpg
1520527981464197167,1520527981464197167.jpg
1520527981514199167,1520527981514199167.jpg
1520527981564200167,1520527981564200167.jpg
1520527981614202167,1520527981614202167.jpg
1520527981664203167,1520527981664203167.jpg
1520527981714205167,1520527981714205167.jpg
1520527981764207167,1520527981764207167.jpg
1520527981814239167,1520527981814239167.jpg
1520527981864209167,1520527981864209167.jpg
1520527981914211167,1520527981914211167.jpg
1520527981964212167,1520527981964212167.jpg
1520527982014214167,1520527982014214167.jpg
1520527982064216167,1520527982064216167.jpg
1520527982114217167,1520527982114217167.jpg
1520527982164219167,1520527982164219167.jpg
1520527982214220167,1520527982214220167.jpg
1520527982264222167,1520527982264222167.jpg
1520527982314223167,1520527982314223167.jpg
1520527982364225167,1520527982364225167.jpg
1520527982414227167,1520527982414227167.jpg
1520527982464228167,1520527982464228167.jpg
1520527982514230167,1520527982514230167.jpg
1520527982564232167,1520527982564232167.jpg
1520527982614233167,1520527982614233167.jpg
1520527982664234167,1520527982664234167.jpg
1520527982714236167,1520527982714236167.jpg
1520527982764238167,1520527982764238167.jpg
1520527982814239167,1520527982814239167.jpg
1520527982864241167,1520527982864241167.jpg
1520527982914242167,1520527982914242167.jpg
1520527982964244167,1520527982964244167.jpg
1520527983014246167,1520527983014246167.jpg
1520527983064247167,1520527983064247167.jpg
1520527983114249167,1520527983114249167.jpg
1520527983164250167,1520527983164250167.jpg
1520527983214252167,1520527983214252167.jpg
1520527983264253167,1520527983264253167.jpg
1520527983314255167,1520527983314255167.jpg
1520527983364257167,1520527983364257167.jpg
1520527983414299167,1520527983414299167.jpg
1520527983464259167,1520527983464259167.jpg
1520527983514261167,1520527983514261167.jpg
1520527983564262167,1520527983564262167.jpg
1520527983614264167,1520527983614264167.jpg
1520527983664266167,1520527983664266167.jpg
1520527983714267167,1520527983714267167.jpg
1520527983764269167,1520527983764269167.jpg
1520527983814270167,1520527983814270167.jpg
1520527983864272167,1520527983864272167.jpg
1520527983914273167,1520527983914273167.jpg
1520527983964275167,1520527983964275167.jpg
1520527984014277167,1520527984014277167.jpg
1520527984064278167,1520527984064278167.jpg
1520527984114280167,1520527984114280167.jpg
1520527984164281167,1520527984164281167.jpg
1520527984214283167,1520527984214283167.jpg
1520527984264284167,1520527984264284167.jpg
1520527984314286167,1520527984314286167.jpg
1520527984364288167,1520527984364288167.jpg
1520527984414290167,1520527984414290167.jpg
1520527984464291167,1520527984464291167.jpg
1520527984514292167,1520527984514292167.jpg
1520527984564294167,1520527984564294167.jpg
1520527984614296167,1520527984614296167.jpg
1520527984664297167,1520527984664297167.jpg
1520527984714299167,1520527984714299167.jpg
1520527984764300167,1520527984764300167.jpg
1520527984814302167,1520527984814302167.jpg
1520527984864303167,1520527984864303167.jpg
1520527984914305167,1520527984914305167.jpg
1520527984964307167,1520527984964307167.jpg
1520527985014363167,1520527985014363167.jpg
1520527985064309167,1520527985064309167.jpg
1520527985114311167,1520527985114311167.jpg
1520527985164312167,1520527985164312167.jpg
1520527985214314167,1520527985214314167.jpg
1520527985264316167,1520527985264316167.jpg
1520527985314317167,1520527985314317167.jpg
1520527985364319167,1520527985364319167.jpg
1520527985414320167,1520527985414320167.jpg
1520527985464322167,1520527985464322167.jpg
1520527985514323167,1520527985514323167.jpg
1520527985564325167,1520527985564325167.jpg
1520527985614327167,1520527985614327167.jpg
1520527985664328167,1520527985664328167.jpg
1520527985714330167,1520527985714330167.jpg
1520527985764331167,1520527985764331167.jpg
1520527985814333167,1520527985814333167.jpg
1520527985864334167,1520527985864334167.jpg
1520527985914336167,1520527985914336167.jpg
1520527985964338167,1520527985964338167.jpg
1520527986014340167,1520527986014340167.jpg
1520527986064341167,1520527986064341167.jpg
1520527986114343167,1520527986114343167.jpg
1520527986164344167,1520527986164344167.jpg
1520527986214346167,1520527986214346167.jpg
1520527986264347167,1520527986264347167.jpg
1520527986314348167,1520527986314348167.jpg
1520527986364350167,1520527986364350167.jpg
1520527986414352167,1520527986414352167.jpg
1520527986464353167,1520527986464353167.jpg
1520527986514355167,1520527986514355167.jpg
1520527986564357167,1520527986564357167.jpg
1520527986614427167,1520527986614427167.jpg
1520527986664359167,1520527986664359167.jpg
1520527986714361167,1520527986714361167.jpg
1520527986764363167,1520527986764363167.jpg
1520527986814364167,1520527986814364167.jpg
1520527986864366167,1520527986864366167.jpg
1520527986914367167,1520527986914367167.jpg
1520527986964369167,1520527986964369167.jpg
1520527987014370167,1520527987014370167.jpg
1520527987064372167,1520527987064372167.jpg
1520527987114373167,1520527987114373167.jpg
1520527987164375167,1520527987164375167.jpg
1520527987214377167,1520527987214377167.jpg
1520527987264378167,1520527987264378167.jpg
1520527987314380167,1520527987314380167.jpg
1520527987364381167,1520527987364381167.jpg
1520527987414383167,1520527987414383167.jpg
1520527987464384167,1520527987464384167.jpg
1520527987514386167,1520527987514386167.jpg
1520527987564388167,1520527987564388167.jpg
1520527987614390167,1520527987614390167.jpg
1520527987664391167,1520527987664391167.jpg
1520527987714392167,1520527987714392167.jpg
1520527987764394167,1520527987764394167.jpg
1520527987814396167,1520527987814396167.jpg
1520527987864397167,1520527987864397167.jpg
1520527987914399167,1520527987914399167.jpg
1520527987964400167,1520527987964400167.jpg
1520527988014402167,1520527988014402167.jpg
1520527988064403167,1520527988064403167.jpg
1520527988114406167,1520527988114406167.jpg
1520527988164406167,1520527988164406167.jpg
1520527988214490167,1520527988214490167.jpg
1520527988264409167,1520527988264409167.jpg
1520527988314411167,1520527988314411167.jpg
1520527988364413167,1520527988364413167.jpg
1520527988414414167,1520527988414414167.jpg
1520527988464416167,1520527988464416167.jpg
1520527988514417167,1520527988514417167.jpg
1520527988564419167,1520527988564419167.jpg
1520527988614420167,1520527988614420167.jpg
1520527988664422167,1520527988664422167.jpg
1520527988714423167,1520527988714423167.jpg
1520527988764425167,1520527988764425167.jpg
1520527988814427167,1520527988814427167.jpg
1520527988864428167,1520527988864428167.jpg
1520527988914430167,1520527988914430167.jpg
1520527988964431167,1520527988964431167.jpg
1520527989014433167,1520527989014433167.jpg
1520527989064434167,1520527989064434167.jpg
1520527989114437167,1520527989114437167.jpg
1520527989164438167,1520527989164438167.jpg
1520527989214439167,1520527989214439167.jpg
1520527989264441167,1520527989264441167.jpg
1520527989314442167,1520527989314442167.jpg
1520527989364444167,1520527989364444167.jpg
1520527989414446167,1520527989414446167.jpg
1520527989464447167,1520527989464447167.jpg
1520527989514449167,1520527989514449167.jpg
1520527989564450167,1520527989564450167.jpg
1520527989614452167,1520527989614452167.jpg
1520527989664453167,1520527989664453167.jpg
1520527989714455167,1520527989714455167.jpg
1520527989764457167,1520527989764457167.jpg
1520527989814554167,1520527989814554167.jpg
1520527989864459167,1520527989864459167.jpg
1520527989914461167,1520527989914461167.jpg
1520527989964462167,1520527989964462167.jpg
1520527990014464167,1520527990014464167.jpg
1520527990064466167,1520527990064466167.jpg
1520527990114467167,1520527990114467167.jpg
1520527990164469167,1520527990164469167.jpg
1520527990214470167,1520527990214470167.jpg
1520527990264472167,1520527990264472167.jpg
1520527990314473167,1520527990314473167.jpg
1520527990364475167,1520527990364475167.jpg
1520527990414477167,1520527990414477167.jpg
1520527990464478167,1520527990464478167.jpg
1520527990514480167,1520527990514480167.jpg
1520527990564481167,1520527990564481167.jpg
1520527990614483167,1520527990614483167.jpg
1520527990664484167,1520527990664484167.jpg
1520527990714486167,1520527990714486167.jpg
1520527990764488167,1520527990764488167.jpg
1520527990814490167,1520527990814490167.jpg
1520527990864491167,1520527990864491167.jpg
1520527990914493167,1520527990914493167.jpg
1520527990964494167,1520527990964494167.jpg
1520527991014496167,1520527991014496167.jpg
1520527991064497167,1520527991064497167.jpg
1520527991114499167,1520527991114499167.jpg
1520527991164500167,1520527991164500167.jpg
1520527991214502167,1520527991214502167.jpg
1520527991264503167,1520527991264503167.jpg
1520527991314505167,1520527991314505167.jpg
1520527991364507167,1520527991364507167.jpg
1520527991414508167,1520527991414508167.jpg
1520527991464509167,1520527991464509167.jpg
1520527991514511167,1520527991514511167.jpg
1520527991564512167,1520527991564512167.jpg
1520527991614514167,1520527991614514167.jpg
1520527991664516167,1520527991664516167.jpg
1520527991714517167,1520527991714517167.jpg
1520527991764519167,1520527991764519167.jpg
1520527991814520167,1520527991814520167.jpg
1520527991864522167,1520527991864522167.jpg
1520527991914523167,1520527991914523167.jpg
1520527991964525167,1520527991964525167.jpg
1520527992014527167,1520527992014527167.jpg
1520527992064528167,1520527992064528167.jpg
1520527992114530167,1520527992114530167.jpg
1520527992164531167,1520527992164531167.jpg
1520527992214533167,1520527992214533167.jpg
1520527992264534167,1520527992264534167.jpg
1520527992314537167,1520527992314537167.jpg
1520527992364538167,1520527992364538167.jpg
1520527992414540167,1520527992414540167.jpg
1520527992464541167,1520527992464541167.jpg
1520527992514543167,1520527992514543167.jpg
1520527992564544167,1520527992564544167.jpg
1520527992614545167,1520527992614545167.jpg
1520527992664547167,1520527992664547167.jpg
1520527992714549167,1520527992714549167.jpg
1520527992764550167,1520527992764550167.jpg
1520527992814552167,1520527992814552167.jpg
1520527992864553167,1520527992864553167.jpg
1520527992914555167,1520527992914555167.jpg
1520527992964557167,1520527992964557167.jpg
1520527993014558167,1520527993014558167.jpg
1520527993064559167,1520527993064559167.jpg
1520527993114561167,1520527993114561167.jpg
1520527993164562167,1520527993164562167.jpg
1520527993214564167,1520527993214564167.jpg
1520527993264566167,1520527993264566167.jpg
1520527993314567167,1520527993314567167.jpg
1520527993364569167,1520527993364569167.jpg
1520527993414570167,1520527993414570167.jpg
1520527993464572167,1520527993464572167.jpg
1520527993514573167,1520527993514573167.jpg
1520527993564575167,1520527993564575167.jpg
1520527993614577167,1520527993614577167.jpg
1520527993664578167,1520527993664578167.jpg
1520527993714580167,1520527993714580167.jpg
1520527993764581167,1520527993764581167.jpg
1520527993814583167,1520527993814583167.jpg
1520527993864584167,1520527993864584167.jpg
1520527993914586167,1520527993914586167.jpg
1520527993964587167,1520527993964587167.jpg
1520527994014590167,1520527994014590167.jpg
1520527994064591167,1520527994064591167.jpg
1520527994114593167,1520527994114593167.jpg
1520527994164595167,1520527994164595167.jpg
1520527994214596167,1520527994214596167.jpg
1520527994264598167,1520527994264598167.jpg
1520527994314599167,1520527994314599167.jpg
1520527994364600167,1520527994364600167.jpg
1520527994414602167,1520527994414602167.jpg
1520527994464603167,1520527994464603167.jpg
1520527994514605167,1520527994514605167.jpg
1520527994564606167,1520527994564606167.jpg
1520527994614608167,1520527994614608167.jpg
1520527994664609167,1520527994664609167.jpg
1520527994714611167,1520527994714611167.jpg
1520527994764612167,1520527994764612167.jpg
1520527994814614167,1520527994814614167.jpg
1520527994864616167,1520527994864616167.jpg
1520527994914617167,1520527994914617167.jpg
1520527994964619167,1520527994964619167.jpg
1520527995014620167,1520527995014620167.jpg
1520527995064622167,1520527995064622167.jpg
1520527995114623167,1520527995114623167.jpg
1520527995164625167,1520527995164625167.jpg
1520527995214627167,1520527995214627167.jpg
1520527995264628167,1520527995264628167.jpg
1520527995314630167,1520527995314630167.jpg
1520527995364631167,1520527995364631167.jpg
1520527995414633167,1520527995414633167.jpg
1520527995464634167,1520527995464634167.jpg
1520527995514636167,1520527995514636167.jpg
1520527995564638167,1520527995564638167.jpg
1520527995614640167,1520527995614640167.jpg
1520527995664641167,1520527995664641167.jpg
1520527995714643167,1520527995714643167.jpg
1520527995764644167,1520527995764644167.jpg
1520527995814645167,1520527995814645167.jpg
1520527995864647167,1520527995864647167.jpg
1520527995914648167,1520527995914648167.jpg
1520527995964650167,1520527995964650167.jpg
1520527996014652167,1520527996014652167.jpg
1520527996064653167,1520527996064653167.jpg
1520527996114655167,1520527996114655167.jpg
1520527996164656167,1520527996164656167.jpg
1520527996214658167,1520527996214658167.jpg
1520527996264659167,1520527996264659167.jpg
1520527996314661167,1520527996314661167.jpg
1520527996364662167,1520527996364662167.jpg
1520527996414664167,1520527996414664167.jpg
1520527996464666167,1520527996464666167.jpg
1520527996514667167,1520527996514667167.jpg
1520527996564669167,1520527996564669167.jpg
1520527996614670167,1520527996614670167.jpg
1520527996664672167,1520527996664672167.jpg
1520527996714673167,1520527996714673167.jpg
1520527996764675167,1520527996764675167.jpg
1520527996814677167,1520527996814677167.jpg
1520527996864678167,1520527996864678167.jpg
1520527996914680167,1520527996914680167.jpg
1520527996964681167,1520527996964681167.jpg
1520527997014683167,1520527997014683167.jpg
1520527997064684167,1520527997064684167.jpg
1520527997114687167,1520527997114687167.jpg
1520527997164688167,1520527997164688167.jpg
1520527997214689167,1520527997214689167.jpg
1520527997264691167,1520527997264691167.jpg
1520527997314693167,1520527997314693167.jpg
1520527997364695167,1520527997364695167.jpg
1520527997414696167,1520527997414696167.jpg
1520527997464697167,1520527997464697167.jpg
1520527997514698167,1520527997514698167.jpg
1520527997564700167,1520527997564700167.jpg
1520527997614702167,1520527997614702167.jpg
1520527997664703167,1520527997664703167.jpg
1520527997714705167,1520527997714705167.jpg
1520527997764721167,1520527997764721167.jpg
1520527997814708167,1520527997814708167.jpg
1520527997864709167,1520527997864709167.jpg
1520527997914711167,1520527997914711167.jpg
1520527997964713167,1520527997964713167.jpg
1520527998014714167,1520527998014714167.jpg
1520527998064716167,1520527998064716167.jpg
1520527998114717167,1520527998114717167.jpg
1520527998164719167,1520527998164719167.jpg
1520527998214720167,1520527998214720167.jpg
1520527998264722167,1520527998264722167.jpg
1520527998314723167,1520527998314723167.jpg
1520527998364725167,1520527998364725167.jpg
1520527998414727167,1520527998414727167.jpg
1520527998464728167,1520527998464728167.jpg
1520527998514730167,1520527998514730167.jpg
1520527998564731167,1520527998564731167.jpg
1520527998614733167,1520527998614733167.jpg
1520527998664734167,1520527998664734167.jpg
1520527998714737167,1520527998714737167.jpg
1520527998764738167,1520527998764738167.jpg
1520527998814739167,1520527998814739167.jpg
1520527998864741167,1520527998864741167.jpg
1520527998914743167,1520527998914743167.jpg
1520527998964744167,1520527998964744167.jpg
1520527999014746167,1520527999014746167.jpg
1520527999064747167,1520527999064747167.jpg
1520527999114749167,1520527999114749167.jpg
1520527999164750167,1520527999164750167.jpg
1520527999214752167,1520527999214752167.jpg
1520527999264753167,1520527999264753167.jpg
1520527999314755167,1520527999314755167.jpg
1520527999364785167,1520527999364785167.jpg
1520527999414758167,1520527999414758167.jpg
1520527999464759167,1520527999464759167.jpg
1520527999514761167,1520527999514761167.jpg
1520527999564763167,1520527999564763167.jpg
1520527999614764167,1520527999614764167.jpg
1520527999664766167,1520527999664766167.jpg
1520527999714767167,1520527999714767167.jpg
1520527999764769167,1520527999764769167.jpg
1520527999814770167,1520527999814770167.jpg
1520527999864772167,1520527999864772167.jpg
1520527999914773167,1520527999914773167.jpg
1520527999964775167,1520527999964775167.jpg
1520528000014777167,1520528000014777167.jpg
1520528000064778167,1520528000064778167.jpg
1520528000114780167,1520528000114780167.jpg
1520528000164781167,1520528000164781167.jpg
1520528000214783167,1520528000214783167.jpg
1520528000264784167,1520528000264784167.jpg
1520528000314786167,1520528000314786167.jpg
1520528000364788167,1520528000364788167.jpg
1520528000414790167,1520528000414790167.jpg
1520528000464791167,1520528000464791167.jpg
1520528000514793167,1520528000514793167.jpg
1520528000564795167,1520528000564795167.jpg
1520528000614795167,1520528000614795167.jpg
1520528000664797167,1520528000664797167.jpg
1520528000714798167,1520528000714798167.jpg
1520528000764800167,1520528000764800167.jpg
1520528000814804167,1520528000814804167.jpg
1520528000864803167,1520528000864803167.jpg
1520528000914805167,1520528000914805167.jpg
1520528000964848167,1520528000964848167.jpg
1520528001014808167,1520528001014808167.jpg
1520528001064809167,1520528001064809167.jpg
1520528001114811167,1520528001114811167.jpg
1520528001164813167,1520528001164813167.jpg
1520528001214814167,1520528001214814167.jpg
1520528001264816167,1520528001264816167.jpg
1520528001314817167,1520528001314817167.jpg
1520528001364819167,1520528001364819167.jpg
1520528001414820167,1520528001414820167.jpg
1520528001464822167,1520528001464822167.jpg
1520528001514823167,1520528001514823167.jpg
1520528001564825167,1520528001564825167.jpg
1520528001614827167,1520528001614827167.jpg
1520528001664828167,1520528001664828167.jpg
1520528001714830167,1520528001714830167.jpg
1520528001764831167,1520528001764831167.jpg
1520528001814833167,1520528001814833167.jpg
1520528001864834167,1520528001864834167.jpg
1520528001914836167,1520528001914836167.jpg
1520528001964838167,1520528001964838167.jpg
1520528002014840167,1520528002014840167.jpg
1520528002064841167,1520528002064841167.jpg
1520528002114842167,1520528002114842167.jpg
1520528002164845167,1520528002164845167.jpg
1520528002214845167,1520528002214845167.jpg
1520528002264847167,1520528002264847167.jpg
1520528002314848167,1520528002314848167.jpg
1520528002364851167,1520528002364851167.jpg
1520528002414852167,1520528002414852167.jpg
1520528002464853167,1520528002464853167.jpg
1520528002514855167,1520528002514855167.jpg
1520528002564913167,1520528002564913167.jpg
1520528002614858167,1520528002614858167.jpg
1520528002664859167,1520528002664859167.jpg
1520528002714861167,1520528002714861167.jpg
1520528002764863167,1520528002764863167.jpg
1520528002814864167,1520528002814864167.jpg
1520528002864866167,1520528002864866167.jpg
1520528002914867167,1520528002914867167.jpg
1520528002964869167,1520528002964869167.jpg
1520528003014870167,1520528003014870167.jpg
1520528003064872167,1520528003064872167.jpg
1520528003114873167,1520528003114873167.jpg
1520528003164875167,1520528003164875167.jpg
1520528003214877167,1520528003214877167.jpg
1520528003264878167,1520528003264878167.jpg
1520528003314880167,1520528003314880167.jpg
1520528003364882167,1520528003364882167.jpg
1520528003414883167,1520528003414883167.jpg
1520528003464884167,1520528003464884167.jpg
1520528003514886167,1520528003514886167.jpg
1520528003564888167,1520528003564888167.jpg
1520528003614890167,1520528003614890167.jpg
1520528003664891167,1520528003664891167.jpg
1520528003714893167,1520528003714893167.jpg
1520528003764894167,1520528003764894167.jpg
1520528003814896167,1520528003814896167.jpg
1520528003864897167,1520528003864897167.jpg
1520528003914898167,1520528003914898167.jpg
1520528003964902167,1520528003964902167.jpg
1520528004014902167,1520528004014902167.jpg
1520528004064904167,1520528004064904167.jpg
1520528004114905167,1520528004114905167.jpg
1520528004164974167,1520528004164974167.jpg
1520528004214908167,1520528004214908167.jpg
1520528004264909167,1520528004264909167.jpg
1520528004314911167,1520528004314911167.jpg
1520528004364912167,1520528004364912167.jpg
1520528004414914167,1520528004414914167.jpg
1520528004464916167,1520528004464916167.jpg
1520528004514917167,1520528004514917167.jpg
1520528004564919167,1520528004564919167.jpg
1520528004614920167,1520528004614920167.jpg
1520528004664922167,1520528004664922167.jpg
1520528004714923167,1520528004714923167.jpg
1520528004764925167,1520528004764925167.jpg
1520528004814927167,1520528004814927167.jpg
1520528004864928167,1520528004864928167.jpg
1520528004914930167,1520528004914930167.jpg
1520528004964931167,1520528004964931167.jpg
1520528005014933167,1520528005014933167.jpg
1520528005064935167,1520528005064935167.jpg
1520528005114936167,1520528005114936167.jpg
1520528005164938167,1520528005164938167.jpg
1520528005214939167,1520528005214939167.jpg
1520528005264941167,1520528005264941167.jpg
1520528005314943167,1520528005314943167.jpg
1520528005364945167,1520528005364945167.jpg
1520528005414945167,1520528005414945167.jpg
1520528005464950167,1520528005464950167.jpg
1520528005514948167,1520528005514948167.jpg
1520528005564950167,1520528005564950167.jpg
1520528005614952167,1520528005614952167.jpg
1520528005664954167,1520528005664954167.jpg
1520528005714955167,1520528005714955167.jpg
1520528005765041167,1520528005765041167.jpg
1520528005814958167,1520528005814958167.jpg
1520528005864959167,1520528005864959167.jpg
1520528005914961167,1520528005914961167.jpg
1520528005964962167,1520528005964962167.jpg
1520528006014964167,1520528006014964167.jpg
1520528006064966167,1520528006064966167.jpg
1520528006114967167,1520528006114967167.jpg
1520528006164969167,1520528006164969167.jpg
1520528006214970167,1520528006214970167.jpg
1520528006264972167,1520528006264972167.jpg
1520528006314974167,1520528006314974167.jpg
1520528006364975167,1520528006364975167.jpg
1520528006414977167,1520528006414977167.jpg
1520528006464978167,1520528006464978167.jpg
1520528006514980167,1520528006514980167.jpg
1520528006564981167,1520528006564981167.jpg
1520528006614983167,1520528006614983167.jpg
1520528006664985167,1520528006664985167.jpg
1520528006714986167,1520528006714986167.jpg
1520528006764988167,1520528006764988167.jpg
1520528006814990167,1520528006814990167.jpg
1520528006864991167,1520528006864991167.jpg
1520528006914993167,1520528006914993167.jpg
1520528006964995167,1520528006964995167.jpg
1520528007014995167,1520528007014995167.jpg
1520528007064997167,1520528007064997167.jpg
1520528007114998167,1520528007114998167.jpg
1520528007165000167,1520528007165000167.jpg
1520528007215002167,1520528007215002167.jpg
1520528007265003167,1520528007265003167.jpg
1520528007315005167,1520528007315005167.jpg
1520528007365102167,1520528007365102167.jpg
1520528007415008167,1520528007415008167.jpg
1520528007465009167,1520528007465009167.jpg
1520528007515011167,1520528007515011167.jpg
1520528007565012167,1520528007565012167.jpg
1520528007615014167,1520528007615014167.jpg
1520528007665016167,1520528007665016167.jpg
1520528007715017167,1520528007715017167.jpg
1520528007765019167,1520528007765019167.jpg
1520528007815020167,1520528007815020167.jpg
1520528007865022167,1520528007865022167.jpg
1520528007915023167,1520528007915023167.jpg
1520528007965025167,1520528007965025167.jpg
1520528008015027167,1520528008015027167.jpg
1520528008065028167,1520528008065028167.jpg
1520528008115030167,1520528008115030167.jpg
1520528008165031167,1520528008165031167.jpg
1520528008215033167,1520528008215033167.jpg
1520528008265035167,1520528008265035167.jpg
1520528008315036167,1520528008315036167.jpg
1520528008365038167,1520528008365038167.jpg
1520528008415039167,1520528008415039167.jpg
1520528008465041167,1520528008465041167.jpg
1520528008515043167,1520528008515043167.jpg
1520528008565044167,1520528008565044167.jpg
1520528008615046167,1520528008615046167.jpg
1520528008665047167,1520528008665047167.jpg
1520528008715049167,1520528008715049167.jpg
1520528008765050167,1520528008765050167.jpg
1520528008815052167,1520528008815052167.jpg
1520528008865053167,1520528008865053167.jpg
1520528008915055167,1520528008915055167.jpg
1520528008965056167,1520528008965056167.jpg
1520528009015058167,1520528009015058167.jpg
1520528009065059167,1520528009065059167.jpg
1520528009115061167,1520528009115061167.jpg
1520528009165062167,1520528009165062167.jpg
1520528009215064167,1520528009215064167.jpg
1520528009265066167,1520528009265066167.jpg
1520528009315067167,1520528009315067167.jpg
1520528009365069167,1520528009365069167.jpg
1520528009415070167,1520528009415070167.jpg
1520528009465072167,1520528009465072167.jpg
1520528009515073167,1520528009515073167.jpg
1520528009565075167,1520528009565075167.jpg
1520528009615077167,1520528009615077167.jpg
1520528009665078167,1520528009665078167.jpg
1520528009715080167,1520528009715080167.jpg
1520528009765081167,1520528009765081167.jpg
1520528009815083167,1520528009815083167.jpg
1520528009865085167,1520528009865085167.jpg
1520528009915087167,1520528009915087167.jpg
1520528009965088167,1520528009965088167.jpg
1520528010015089167,1520528010015089167.jpg
1520528010065091167,1520528010065091167.jpg
1520528010115093167,1520528010115093167.jpg
1520528010165094167,1520528010165094167.jpg
1520528010215096167,1520528010215096167.jpg
1520528010265097167,1520528010265097167.jpg
1520528010315098167,1520528010315098167.jpg
